Config,Trace,Status,IPC,L2C_Miss,L2C_MPKI,PF_Issued,PF_Useful,PF_Accuracy,DRAM_Traffic
baseline,603.bwaves_s-891B.champsimtrace.xz,Failed/Incomplete,,,,,,,
baseline,605.mcf_s-1554B.champsimtrace.xz,Failed/Incomplete,,,,,,,
baseline,619.lbm_s-2676B.champsimtrace.xz,Failed/Incomplete,,,,,,,
baseline,620.omnetpp_s-874B.champsimtrace.xz,Success,2.07,994155.0,9.9415,0.0,0.0,0.0,1202532.0
baseline,623.xalancbmk_s-10B.champsimtrace.xz,Success,2.768,2305575.0,23.0557,0.0,0.0,0.0,606891.0
baseline,649.fotonik3d_s-1176B.champsimtrace.xz,Success,2.309,878680.0,8.7868,0.0,0.0,0.0,1755382.0
baseline,ligra_BFSCC.com-lj.ungraph.gcc_6.3.0_O3.drop_15500M.length_250M.champsimtrace.xz,Success,2.824,2355895.0,23.5589,0.0,0.0,0.0,4031045.0
baseline,ligra_PageRankDelta.com-lj.ungraph.gcc_6.3.0_O3.drop_24000M.length_250M.champsimtrace.xz,Success,4.157,3924937.0,39.2494,0.0,0.0,0.0,5656046.0
baseline,ligra_Triangle.com-lj.ungraph.gcc_6.3.0_O3.drop_25000M.length_250M.champsimtrace.xz,Success,2.601,1467293.0,14.6729,0.0,0.0,0.0,1082059.0
baseline,llama2.c-stories15M.1.champsimtrace.gz,Success,2.721,3412947.0,34.1295,0.0,0.0,0.0,3326313.0
stride,603.bwaves_s-891B.champsimtrace.xz,Failed/Incomplete,,,,,,,
stride,605.mcf_s-1554B.champsimtrace.xz,Failed/Incomplete,,,,,,,
stride,619.lbm_s-2676B.champsimtrace.xz,Failed/Incomplete,,,,,,,
stride,620.omnetpp_s-874B.champsimtrace.xz,Success,2.067,999625.0,9.9962,41472.0,9524.0,22.96,1207819.0
stride,623.xalancbmk_s-10B.champsimtrace.xz,Success,2.763,2332035.0,23.3204,238916.0,63484.0,26.57,624433.0
stride,649.fotonik3d_s-1176B.champsimtrace.xz,Success,2.31,1070790.0,10.7079,1176871.0,468620.0,39.82,1755532.0
stride,ligra_BFSCC.com-lj.ungraph.gcc_6.3.0_O3.drop_15500M.length_250M.champsimtrace.xz,Success,2.896,3632290.0,36.3229,1839362.0,637216.0,34.64,4031458.0
stride,ligra_PageRankDelta.com-lj.ungraph.gcc_6.3.0_O3.drop_24000M.length_250M.champsimtrace.xz,Success,4.158,7380905.0,73.809,4531476.0,1517465.0,33.49,5696173.0
stride,ligra_Triangle.com-lj.ungraph.gcc_6.3.0_O3.drop_25000M.length_250M.champsimtrace.xz,Success,2.604,1990488.0,19.9049,2381099.0,805921.0,33.85,1082171.0
stride,llama2.c-stories15M.1.champsimtrace.gz,Success,2.711,12241190.0,122.4119,9280719.0,3132576.0,33.75,3326546.0
spp,603.bwaves_s-891B.champsimtrace.xz,Success,4.005,22617715.0,226.1772,21586174.0,1088668.0,5.04,1562170.0
spp,605.mcf_s-1554B.champsimtrace.xz,Success,2.028,24980347.0,249.8035,16950297.0,1471163.0,8.68,3290969.0
spp,619.lbm_s-2676B.champsimtrace.xz,Success,2.838,8892318.0,88.9232,6187285.0,292965.0,4.73,5285515.0
spp,620.omnetpp_s-874B.champsimtrace.xz,Success,2.071,1897881.0,18.9788,1559973.0,67.0,0.0,1448205.0
spp,623.xalancbmk_s-10B.champsimtrace.xz,Success,2.766,4520432.0,45.2043,2566015.0,6988.0,0.27,1249920.0
spp,649.fotonik3d_s-1176B.champsimtrace.xz,Success,2.309,10623550.0,106.2355,15681861.0,580692.0,3.7,1756165.0
spp,ligra_BFSCC.com-lj.ungraph.gcc_6.3.0_O3.drop_15500M.length_250M.champsimtrace.xz,Success,2.842,11668182.0,116.6818,9661662.0,507581.0,5.25,4035224.0
spp,ligra_PageRankDelta.com-lj.ungraph.gcc_6.3.0_O3.drop_24000M.length_250M.champsimtrace.xz,Success,4.166,,,0.0,0.0,0.0,0.0
spp,ligra_Triangle.com-lj.ungraph.gcc_6.3.0_O3.drop_25000M.length_250M.champsimtrace.xz,Success,2.603,2643165.0,26.4317,3635454.0,476622.0,13.11,1213127.0
spp,llama2.c-stories15M.1.champsimtrace.gz,Success,2.716,,,0.0,0.0,0.0,0.0
ampm,603.bwaves_s-891B.champsimtrace.xz,Failed/Incomplete,,,,,,,
ampm,605.mcf_s-1554B.champsimtrace.xz,Failed/Incomplete,,,,,,,
ampm,619.lbm_s-2676B.champsimtrace.xz,Failed/Incomplete,,,,,,,
ampm,620.omnetpp_s-874B.champsimtrace.xz,Success,2.071,1201212.0,12.0121,345211.0,57762.0,16.73,1374593.0
ampm,623.xalancbmk_s-10B.champsimtrace.xz,Success,2.767,2726937.0,27.2694,750207.0,147711.0,19.69,967500.0
ampm,649.fotonik3d_s-1176B.champsimtrace.xz,Success,2.309,1426523.0,14.2652,1868674.0,812795.0,43.5,2179192.0
ampm,ligra_BFSCC.com-lj.ungraph.gcc_6.3.0_O3.drop_15500M.length_250M.champsimtrace.xz,Success,2.896,3005552.0,30.0555,981796.0,423187.0,43.1,4370828.0
ampm,ligra_PageRankDelta.com-lj.ungraph.gcc_6.3.0_O3.drop_24000M.length_250M.champsimtrace.xz,Success,4.151,6093134.0,60.9313,2931085.0,1012815.0,34.55,6689644.0
ampm,ligra_Triangle.com-lj.ungraph.gcc_6.3.0_O3.drop_25000M.length_250M.champsimtrace.xz,Success,2.603,2093420.0,20.9342,1299698.0,806745.0,62.07,1584047.0
ampm,llama2.c-stories15M.1.champsimtrace.gz,Success,2.713,7141347.0,71.4135,4741790.0,2643896.0,55.76,5033765.0
